effect,b,se,pvalue,ll,ul
0,.064688548,.31858999,.83909875,-.55973637,.68911344
2,.013860374,.71128118,.98445302,-1.3802252,1.4079459
3,.35511988,.40962845,.38597944,-.44773713,1.1579769
4,-.25832757,.40261036,.52111232,-1.0474293,.53077424
5,.15781434,.34705186,.64930463,-.52239478,.83802348
6,.060864046,.36300415,.86684477,-.65061098,.77233911
