effect,b,se,pvalue,ll,ul
0,.064984471,.31862578,.83839077,-.55951059,.68947953
2,.010874097,.71050745,.98778909,-1.381695,1.4034432
3,.35564664,.40878895,.38430008,-.44556499,1.1568583
4,-.25703534,.40302369,.5236252,-1.0469472,.53287661
5,.15878162,.34758219,.64780223,-.52246696,.84003025
6,.063687049,.3630175,.86073554,-.64781421,.77518827
