effect,b,se,pvalue,ll,ul
0,.063805059,.31870902,.84132534,-.56085312,.68846327
2,.014469776,.70778024,.98368931,-1.3727541,1.4016936
3,.35509545,.40949807,.38586089,-.44750601,1.157697
4,-.25861782,.40409237,.52217472,-1.0506243,.53338867
5,.15385562,.34713054,.65760571,-.52650774,.83421898
6,.059117939,.36504585,.8713479,-.65635878,.77459466
