effect,b,se,pvalue,ll,ul
0,.06594906,.31987458,.83665687,-.56099361,.69289172
2,.015438148,.709948,.982651,-1.3760344,1.4069107
3,.35774246,.41101849,.38409254,-.44783902,1.1633239
4,-.25814474,.4034346,.5222587,-1.0488621,.53257257
5,.16067417,.3496049,.64581209,-.52453887,.84588718
6,.059465695,.36385047,.87017637,-.65366811,.77259952
