effect,b,se,pvalue,ll,ul
Expunge,9.275021571594502,25.47847,.71583283,-40.661861,59.211906
TE,0,0,,0,0
Sequence,0,0,,0,0
